amplitude,center,delta,fractured,gamma,id_tracing,sigma,stderr_amplitude,stderr_center,stderr_gamma,stderr_sigma,x,x_tracing,y,y_tracing
5.658257933411542e-05,3.6823939900826215,0.05,False,2.351042851849538,14.0,0.3793627486516178,4.485389638867853e-06,0.04394104019862904,1.3815522788329533,0.068321981442994,"[3.5800960515646616, 3.5862422492825563, 3.656089935770224, 3.7242879424507254, 3.7696367150415226, 3.8147903929970073, 3.872119097663704, 3.9301313747069586, 3.940117573952698, 4.026719713689067, 4.080162780384028, 4.1201846895546, 4.145217047350709, 4.217368080755205, 4.250734118534171, 4.323273002638042, 4.364641076547136, 4.457138020317184, 4.5231549583337305]",4.154220779220779,"[4.997125551416458e-05, 8.579382957894102e-06, 5.7703254674151965e-05, 6.98770410140854e-05, 8.651235540619581e-05, 7.313091814608715e-05, 9.939433617329004e-05, 9.24891293328838e-05, 9.127390080364468e-05, 9.703223116919635e-05, 4.8187413888384846e-05, 7.645249910319204e-05, 2.3549126057366274e-05, 5.195303808300284e-05, 4.774394751449245e-05, 2.797975934417117e-05, 1.6868001654635164e-05, 2.2035298221977605e-05, 1.4542324873743024e-05]",0.0840097402597415
